exercise_id,lesson_id,vocabulary_id,question,current_options,current_answer,vocabulary_word,vocabulary_meaning,expected_correct_option,status,confidence,reason
"6a82e242e79b4bac53b1554a","6a82dff7eb76f67f6232a7c1","6a82e139e79b4bac53b15539","""der Vater"" nghĩa là gì?","[{""id"":""A"",""text"":""mẹ""},{""id"":""B"",""text"":""bố""},{""id"":""C"",""text"":""anh trai""},{""id"":""D"",""text"":""chị gái""}]","{""type"":""single"",""value"":""B""}","der Vater","bố","der Vater","REVIEW_REQUIRED","HIGH","Vocabulary word ""der Vater"" not found in options: [""mẹ"",""bố"",""anh trai"",""chị gái""]"
"ce2cfe83a06eb83064c1994a","efb72ad511285965f348bfde","69cf8a5254ac00d7f7458642","Từ tiếng Đức nào có nghĩa là “Công an, cảnh sát”?","[""der Polizist"",""die Firma"",""die Kellnerin"",""der Friseur""]","{""correct_option"":""der Polizist"",""explanation"":""der Polizist = Công an, cảnh sát""}","der Polizist","Công an, cảnh sát","der Polizist","VALID","HIGH","Already adheres to canonical schema"
"3e397066480f94536d3c1ab9","741e1cc01783b0eb83ed3a7b","69cf8a5254ac00d7f7458645","Từ tiếng Đức nào có nghĩa là “Trường đại học”?","[""die Hausaufgabe"",""die Universität"",""der Kurs"",""die Studentin""]","{""correct_option"":""die Universität"",""explanation"":""die Universität = Trường đại học""}","die Universität","Trường đại học","die Universität","VALID","HIGH","Already adheres to canonical schema"
"9625a2e9df1fba83e43688ec","741e1cc01783b0eb83ed3a7b","69cf8a5254ac00d7f7458775","Từ tiếng Đức nào có nghĩa là “Bài tập về nhà”?","[""die Hausaufgabe"",""die Studentin"",""die Universität"",""der Lehrer""]","{""correct_option"":""die Hausaufgabe"",""explanation"":""die Hausaufgabe = Bài tập về nhà""}","die Hausaufgabe","Bài tập về nhà","die Hausaufgabe","VALID","HIGH","Already adheres to canonical schema"
"19ea11d71854d6da77699007","0236a77d8b83ed31df0f743a","69cf8a5254ac00d7f7458775","Từ tiếng Đức nào có nghĩa là “Bài tập về nhà”?","[""die Studentin"",""die Hausaufgabe"",""der Test"",""der Kurs""]","{""correct_option"":""die Hausaufgabe"",""explanation"":""die Hausaufgabe = Bài tập về nhà""}","die Hausaufgabe","Bài tập về nhà","die Hausaufgabe","VALID","HIGH","Already adheres to canonical schema"
"6b8994bfea32640ade8127b9","76c62f3ebccf13689fb5725d","69cf8a5254ac00d7f74585c2","Từ tiếng Đức nào có nghĩa là “sinh sống, ở”?","[""die Tür, -en"",""der Stuhl, -ü,e"",""wohnen"",""das Bad, -ä,er""]","{""correct_option_index"":0}","wohnen","sinh sống, ở","wohnen","AUTO_FIX","HIGH","Word ""wohnen"" found in options. Can standardize answer schema."
"43c1c225f1bf80fc9076c493","2a328956470e73b6e0f6fb1a","69cf8a5254ac00d7f74588fd","Từ tiếng Đức nào có nghĩa là “nhà tắm”?","[""wohnen"",""die Tür, -en"",""das Bad, -ä,er"",""das Haus""]","{""correct_option"":""das Bad, -ä,er"",""explanation"":""das Bad, -ä,er = nhà tắm""}","das Bad, -ä,er","nhà tắm","das Bad, -ä,er","VALID","HIGH","Already adheres to canonical schema"
"63b06c95c495a635feb2b6fd","2a328956470e73b6e0f6fb1a","69cf8a5254ac00d7f7458908","Từ tiếng Đức nào có nghĩa là “cửa”?","[""der Stuhl, -ü,e"",""die Tür, -en"",""wohnen"",""das Bad, -ä,er""]","{""correct_option"":""die Tür, -en"",""explanation"":""die Tür, -en = cửa""}","die Tür, -en","cửa","die Tür, -en","VALID","HIGH","Already adheres to canonical schema"
"039834e0e0fa9587be4e0061","a476be25bb771bfa0e3f712b","69cf8a5254ac00d7f7458677","Từ tiếng Đức nào có nghĩa là “Phòng”?","[""das Bad, -ä,er"",""die Tür, -en"",""der Stuhl, -ü,e"",""das Zimmer""]","{""correct_option"":""das Zimmer"",""explanation"":""das Zimmer = Phòng""}","das Zimmer","Phòng","das Zimmer","VALID","HIGH","Already adheres to canonical schema"
"1b1bab45140a6d767a40d6cd","a476be25bb771bfa0e3f712b","69cf8a5254ac00d7f745868c","Từ tiếng Đức nào có nghĩa là “Ngôi nhà”?","[""der Stuhl, -ü,e"",""das Einzelzimmer, -"",""das Haus"",""die Tür, -en""]","{""correct_option"":""das Haus"",""explanation"":""das Haus = Ngôi nhà""}","das Haus","Ngôi nhà","das Haus","VALID","HIGH","Already adheres to canonical schema"
"03cfbe3b94796ff1e8b64653","3daf85d57c31eabd57105871","69cf8a5254ac00d7f7458612","Từ tiếng Đức nào có nghĩa là “Sở thích”?","[""das Hobby"",""der Fußball"",""spielen"",""das Kino""]","{""correct_option"":""das Hobby"",""explanation"":""das Hobby = Sở thích""}","das Hobby","Sở thích","das Hobby","VALID","HIGH","Already adheres to canonical schema"
"27c16f5957566861759ea65a","a16ccc1734a8ce914982f72a","69cf8a5254ac00d7f7458624","Từ tiếng Đức nào có nghĩa là “chụp ảnh”?","[""der Fußball"",""spielen"",""fotografieren"",""das Hobby""]","{""correct_option"":""fotografieren"",""explanation"":""fotografieren = chụp ảnh""}","fotografieren","chụp ảnh","fotografieren","VALID","HIGH","Already adheres to canonical schema"
"fb1cd8c97d13994755005a81","a16ccc1734a8ce914982f72a","69cf8a5254ac00d7f7458629","Từ tiếng Đức nào có nghĩa là “nhảy”?","[""das Kino"",""fotografieren"",""das Foto"",""tanzen""]","{""correct_option"":""tanzen"",""explanation"":""tanzen = nhảy""}","tanzen","nhảy","tanzen","VALID","HIGH","Already adheres to canonical schema"
"8b8f15f7195656d31ae39649","2aafab54818ed4d128da463c","69cf8a5254ac00d7f74585fc","Từ tiếng Đức nào có nghĩa là “đọc”?","[""spielen"",""lesen"",""das Hobby"",""der Fußball""]","{""correct_option"":""lesen"",""explanation"":""lesen = đọc""}","lesen","đọc","lesen","VALID","HIGH","Already adheres to canonical schema"
"47aa6da7a2a05dae7b309f14","fc0d8f32da5df1f456954383","69cf8a5254ac00d7f7458632","Từ tiếng Đức nào có nghĩa là “Bệnh viện”?","[""das Krankenhaus"",""der Arzt"",""der Krankenpfleger"",""gesund""]","{""correct_option"":""das Krankenhaus"",""explanation"":""das Krankenhaus = Bệnh viện""}","das Krankenhaus","Bệnh viện","das Krankenhaus","VALID","HIGH","Already adheres to canonical schema"
"303f10c945f336c214bbe9bf","fc0d8f32da5df1f456954383","69cf8a5254ac00d7f7458639","Từ tiếng Đức nào có nghĩa là “Điều dưỡng viên”?","[""krank"",""der Schmerz, -en"",""der Krankenpfleger"",""gesund""]","{""correct_option"":""der Krankenpfleger"",""explanation"":""der Krankenpfleger = Điều dưỡng viên""}","der Krankenpfleger","Điều dưỡng viên","der Krankenpfleger","VALID","HIGH","Already adheres to canonical schema"
"09042087836d8185d495b24f","477ffc7186b53f902e47d536","69cf8a5254ac00d7f7458762","Từ tiếng Đức nào có nghĩa là “Khỏe mạnh”?","[""der Krankenpfleger"",""krank"",""gesund"",""der Arzt""]","{""correct_option"":""gesund"",""explanation"":""gesund = Khỏe mạnh""}","gesund","Khỏe mạnh","gesund","VALID","HIGH","Already adheres to canonical schema"
"8fcc561e2b0d0c9479401b12","f3773f4764322d408da25d02","69cf8a5254ac00d7f7458632","Từ tiếng Đức nào có nghĩa là “Bệnh viện”?","[""die Krankheit, -en"",""die Apotheke, -n"",""das Krankenhaus"",""der Schmerz, -en""]","{""correct_option_index"":2}","das Krankenhaus","Bệnh viện","das Krankenhaus","AUTO_FIX","HIGH","Word ""das Krankenhaus"" found in options. Can standardize answer schema."
"a009b1af73a875337bd3e9dd","0bfa9269456dc67bcbaa020e","69cf8a5254ac00d7f74588a0","Từ tiếng Đức nào có nghĩa là “cơ thể”?","[""der Körper, -"",""der Kopf, -ö,e"",""die Hand, -ä,e"",""der Arm, -e""]","{""correct_option"":""der Körper, -"",""explanation"":""der Körper, - = cơ thể""}","der Körper, -","cơ thể","der Körper, -","VALID","HIGH","Already adheres to canonical schema"
"5f0bcab3c50c0f5af4d3cf87","0bfa9269456dc67bcbaa020e","69cf8a5254ac00d7f74588a5","Từ tiếng Đức nào có nghĩa là “cánh tay”?","[""das Auge, -n"",""der Arm, -e"",""der Fuß, - ü,e"",""das Bein, -e""]","{""correct_option"":""der Arm, -e"",""explanation"":""der Arm, -e = cánh tay""}","der Arm, -e","cánh tay","der Arm, -e","VALID","HIGH","Already adheres to canonical schema"
"142536e10cb04e6fc6015503","693e8098db6238d486199b77","69cf8a5254ac00d7f74588ae","Từ tiếng Đức nào có nghĩa là “mắt”?","[""das Auge, -n"",""die Hand, -ä,e"",""der Arm, -e"",""der Fuß, - ü,e""]","{""correct_option_index"":0}","das Auge, -n","mắt","das Auge, -n","AUTO_FIX","HIGH","Word ""das Auge, -n"" found in options. Can standardize answer schema."
"e68260d1584e25f730818b82","f92dd54111310beac6d0cb03","69cf8a5254ac00d7f74588a0","Từ tiếng Đức nào có nghĩa là “cơ thể”?","[""der Arm, -e"",""der Fuß, - ü,e"",""das Bein, -e"",""der Körper, -""]","{""correct_option"":""der Körper, -"",""explanation"":""der Körper, - = cơ thể""}","der Körper, -","cơ thể","der Körper, -","VALID","HIGH","Already adheres to canonical schema"
"a7ac6cc76565cb43a6d5b1b6","1da077a4c95ad8ba4f0de2cf","69cf8a5254ac00d7f74586dc","Từ tiếng Đức nào có nghĩa là “Mùa xuân”?","[""der Sommer"",""der Winter"",""der Herbst"",""der Frühling""]","{""correct_option_index"":2}","der Frühling","Mùa xuân","der Frühling","AUTO_FIX","HIGH","Word ""der Frühling"" found in options. Can standardize answer schema."
"1684695fc3d100b4a9d440ac","056ed7b76a8c85ad8c593568","69cf8a5254ac00d7f7458727","Từ tiếng Đức nào có nghĩa là “Tiệm bánh”?","[""die Bäckerei"",""kaufen"",""der Einkaufswagen"",""der Preis""]","{""correct_option_index"":0}","die Bäckerei","Tiệm bánh","die Bäckerei","AUTO_FIX","HIGH","Word ""die Bäckerei"" found in options. Can standardize answer schema."
"bc6b59fa2e0db1f3523d6207","f1030646b56258c318adeabf","69cf8a5254ac00d7f7458735","Từ tiếng Đức nào có nghĩa là “Xe đẩy mua hàng”?","[""die Bäckerei"",""kaufen"",""der Preis"",""der Einkaufswagen""]","{""correct_option"":""der Einkaufswagen"",""explanation"":""der Einkaufswagen = Xe đẩy mua hàng""}","der Einkaufswagen","Xe đẩy mua hàng","der Einkaufswagen","VALID","HIGH","Already adheres to canonical schema"
"e00f99d70bfeec9393572022","a42ad837e259691f48f99576","69cf8a5254ac00d7f7458727","Từ tiếng Đức nào có nghĩa là “Tiệm bánh”?","[""der Euro"",""teuer"",""die Bäckerei"",""der Markt""]","{""correct_option_index"":2}","die Bäckerei","Tiệm bánh","die Bäckerei","AUTO_FIX","HIGH","Word ""die Bäckerei"" found in options. Can standardize answer schema."
"335a2b0eb15db882a355ee9c","efb72ad511285965f348bfde","69cf8a5254ac00d7f745862d","Từ tiếng Đức nào có nghĩa là “Công việc, nghề nghiệp”?","[""der Kollege"",""arbeiten"",""die Firma"",""der Beruf""]","{""correct_option"":""der Beruf"",""explanation"":""der Beruf = Công việc, nghề nghiệp""}","der Beruf","Công việc, nghề nghiệp","der Beruf","VALID","HIGH","Already adheres to canonical schema"
"736fa0ea34cbf7bfaa03d4f1","ff45f6a09b14d343c44c350f","69cf8a5254ac00d7f7458633","Từ tiếng Đức nào có nghĩa là “Thợ cắt tóc”?","[""der Beruf"",""der Friseur"",""der Kollege"",""arbeiten""]","{""correct_option"":""der Friseur"",""explanation"":""der Friseur = Thợ cắt tóc""}","der Friseur","Thợ cắt tóc","der Friseur","VALID","HIGH","Already adheres to canonical schema"
"6a46435598a28ed59d4e8896","0236a77d8b83ed31df0f743a","69cf8a5254ac00d7f745863e","Từ tiếng Đức nào có nghĩa là “Thầy giáo”?","[""der Lehrer"",""der Kurs"",""die Studentin"",""die Universität""]","{""correct_option"":""der Lehrer"",""explanation"":""der Lehrer = Thầy giáo""}","der Lehrer","Thầy giáo","der Lehrer","VALID","HIGH","Already adheres to canonical schema"
"e0adf4603f3b237e7775ba0f","798690d1bfc1eacb6f682914","69cf8a5254ac00d7f745863f","Từ tiếng Đức nào có nghĩa là “Trường học”?","[""die Studentin"",""die Universität"",""die Hausaufgabe"",""die Schule""]","{""correct_option"":""die Schule"",""explanation"":""die Schule = Trường học""}","die Schule","Trường học","die Schule","VALID","HIGH","Already adheres to canonical schema"
"70228e264ba61ff39cf0f388","2a328956470e73b6e0f6fb1a","69cf8a5254ac00d7f7458924","Từ tiếng Đức nào có nghĩa là “ghế”?","[""der Stuhl, -ü,e"",""das Bad, -ä,er"",""die Tür, -en"",""das Einzelzimmer, -""]","{""correct_option"":""der Stuhl, -ü,e"",""explanation"":""der Stuhl, -ü,e = ghế""}","der Stuhl, -ü,e","ghế","der Stuhl, -ü,e","VALID","HIGH","Already adheres to canonical schema"
"4d37ea64856cf5d12b0eef0c","31af0f910b7db0708dd982b1","69cf8a5254ac00d7f745861e","Từ tiếng Đức nào có nghĩa là “Rạp chiếu phim”?","[""spielen"",""fotografieren"",""das Kino"",""der Fußball""]","{""correct_option"":""das Kino"",""explanation"":""das Kino = Rạp chiếu phim""}","das Kino","Rạp chiếu phim","das Kino","VALID","HIGH","Already adheres to canonical schema"
"dbef336daf2ebe6a1ad3da87","a16ccc1734a8ce914982f72a","69cf8a5254ac00d7f7458612","Từ tiếng Đức nào có nghĩa là “Sở thích”?","[""lesen"",""tanzen"",""das Hobby"",""das Foto""]","{""correct_option"":""das Hobby"",""explanation"":""das Hobby = Sở thích""}","das Hobby","Sở thích","das Hobby","VALID","HIGH","Already adheres to canonical schema"
"5d48defb671252b84ba17268","2aafab54818ed4d128da463c","69cf8a5254ac00d7f7458603","Từ tiếng Đức nào có nghĩa là “chơi”?","[""tanzen"",""spielen"",""das Foto"",""lesen""]","{""correct_option"":""spielen"",""explanation"":""spielen = chơi""}","spielen","chơi","spielen","VALID","HIGH","Already adheres to canonical schema"
"b3623c331db8f3df88972c4b","fc0d8f32da5df1f456954383","69cf8a5254ac00d7f7458630","Từ tiếng Đức nào có nghĩa là “Bác sĩ nam”?","[""der Krankenpfleger"",""gesund"",""krank"",""der Arzt""]","{""correct_option"":""der Arzt"",""explanation"":""der Arzt = Bác sĩ nam""}","der Arzt","Bác sĩ nam","der Arzt","VALID","HIGH","Already adheres to canonical schema"
"fc0061d7d814b0a24565e477","fc0d8f32da5df1f456954383","69cf8a5254ac00d7f74587b6","Từ tiếng Đức nào có nghĩa là “Ốm”?","[""krank"",""der Schmerz, -en"",""die Krankheit, -en"",""die Apotheke, -n""]","{""correct_option"":""krank"",""explanation"":""krank = Ốm""}","krank","Ốm","krank","VALID","HIGH","Already adheres to canonical schema"
"309ab75608719dd533faedc8","62195d39c60a13d0882e42c9","69cf8a5254ac00d7f7458630","Từ tiếng Đức nào có nghĩa là “Bác sĩ nam”?","[""der Schmerz, -en"",""die Krankheit, -en"",""der Arzt"",""krank""]","{""correct_option_index"":2}","der Arzt","Bác sĩ nam","der Arzt","AUTO_FIX","HIGH","Word ""der Arzt"" found in options. Can standardize answer schema."
"309fad1cce3d8a48d1f53145","b0984236762d713d808ab854","69cf8a5254ac00d7f74588a6","Từ tiếng Đức nào có nghĩa là “bàn tay”?","[""der Körper, -"",""der Kopf, -ö,e"",""der Arm, -e"",""die Hand, -ä,e""]","{""correct_option"":""die Hand, -ä,e"",""explanation"":""die Hand, -ä,e = bàn tay""}","die Hand, -ä,e","bàn tay","die Hand, -ä,e","VALID","HIGH","Already adheres to canonical schema"
"ce4912135655ba86f88dbba9","b0984236762d713d808ab854","69cf8a5254ac00d7f74588a8","Từ tiếng Đức nào có nghĩa là “chân”?","[""das Bein, -e"",""der Arm, -e"",""der Fuß, - ü,e"",""das Auge, -n""]","{""correct_option"":""das Bein, -e"",""explanation"":""das Bein, -e = chân""}","das Bein, -e","chân","das Bein, -e","VALID","HIGH","Already adheres to canonical schema"
"43826889b4218be045a1271f","b0984236762d713d808ab854","69cf8a5254ac00d7f74588ae","Từ tiếng Đức nào có nghĩa là “mắt”?","[""der Fuß, - ü,e"",""das Bein, -e"",""die Nase, -n"",""das Auge, -n""]","{""correct_option"":""das Auge, -n"",""explanation"":""das Auge, -n = mắt""}","das Auge, -n","mắt","das Auge, -n","VALID","HIGH","Already adheres to canonical schema"
"87dbff740936f627f4ea5be1","693e8098db6238d486199b77","69cf8a5254ac00d7f74588a0","Từ tiếng Đức nào có nghĩa là “cơ thể”?","[""das Auge, -n"",""die Nase, -n"",""der Körper, -"",""das Bein, -e""]","{""correct_option_index"":0}","der Körper, -","cơ thể","der Körper, -","AUTO_FIX","HIGH","Word ""der Körper, -"" found in options. Can standardize answer schema."
"a6720ebd5e34bc6e9de705b2","f92dd54111310beac6d0cb03","69cf8a5254ac00d7f74588b0","Từ tiếng Đức nào có nghĩa là “mũi”?","[""die Nase, -n"",""der Kopf, -ö,e"",""die Hand, -ä,e"",""der Arm, -e""]","{""correct_option"":""die Nase, -n"",""explanation"":""die Nase, -n = mũi""}","die Nase, -n","mũi","die Nase, -n","VALID","HIGH","Already adheres to canonical schema"
"23b2329aae4f9b70770f5158","33b52ea0cda7c35283cbd639","69cf8a5254ac00d7f7458a6c","Từ tiếng Đức nào có nghĩa là “gió”?","[""der Herbst"",""der Regen (Sg.)"",""die Sonne (Sg.)"",""der Wind, -e""]","{""correct_option"":""der Wind, -e"",""explanation"":""der Wind, -e = gió""}","der Wind, -e","gió","der Wind, -e","VALID","HIGH","Already adheres to canonical schema"
"a01287c52b0bdd2330aa5f12","1eadda771e7935c3548002a2","69cf8a5254ac00d7f7458a6c","Từ tiếng Đức nào có nghĩa là “gió”?","[""der Wind, -e"",""der Winter"",""der Frühling"",""der Herbst""]","{""correct_option"":""der Wind, -e"",""explanation"":""der Wind, -e = gió""}","der Wind, -e","gió","der Wind, -e","VALID","HIGH","Already adheres to canonical schema"
"d9d73c02e147a5fb5d13fae8","f1030646b56258c318adeabf","69cf8a5254ac00d7f745872b","Từ tiếng Đức nào có nghĩa là “Gói hàng”?","[""teuer"",""die Bäckerei"",""die Packung"",""der Euro""]","{""correct_option"":""die Packung"",""explanation"":""die Packung = Gói hàng""}","die Packung","Gói hàng","die Packung","VALID","HIGH","Already adheres to canonical schema"
"06744d80db1c33f5a9ae0fec","a42ad837e259691f48f99576","69cf8a5254ac00d7f745873c","Từ tiếng Đức nào có nghĩa là “Giá tiền”?","[""die Packung"",""die Bäckerei"",""kaufen"",""der Preis""]","{""correct_option_index"":0}","der Preis","Giá tiền","der Preis","AUTO_FIX","HIGH","Word ""der Preis"" found in options. Can standardize answer schema."
"a59205303eaa94df7136f024","3bd43d5ff2febe702fb727dc","69cf8a5254ac00d7f7458694","Từ tiếng Đức nào có nghĩa là “Chợ”?","[""die Packung"",""die Bäckerei"",""kaufen"",""der Markt""]","{""correct_option"":""der Markt"",""explanation"":""der Markt = Chợ""}","der Markt","Chợ","der Markt","VALID","HIGH","Already adheres to canonical schema"
"4e1efc16034a423779386f8f","4600b87c8f507b4bbfcf0ca4","69cf8a5254ac00d7f7458636","Từ tiếng Đức nào có nghĩa là “Nhân viên bồi bàn”?","[""die Kellnerin"",""der Polizist"",""der Friseur"",""der Journalist""]","{""correct_option"":""die Kellnerin"",""explanation"":""die Kellnerin = Nhân viên bồi bàn""}","die Kellnerin","Nhân viên bồi bàn","die Kellnerin","VALID","HIGH","Already adheres to canonical schema"
"7d3dffb8c9a073c71e090d27","2c64eae44313170f08fad519","69cf8a5254ac00d7f7458635","Từ tiếng Đức nào có nghĩa là “Nhà báo”?","[""die Firma"",""die Kellnerin"",""der Polizist"",""der Journalist""]","{""correct_option"":""der Journalist"",""explanation"":""der Journalist = Nhà báo""}","der Journalist","Nhà báo","der Journalist","VALID","HIGH","Already adheres to canonical schema"
"0785305f52c6903e7d27e9a4","c758a88c49bcb9dac39e41cb","69cf8a5254ac00d7f74586f2","Từ tiếng Đức nào có nghĩa là “Bài kiểm tra”?","[""der Kurs"",""die Studentin"",""die Universität"",""der Test""]","{""correct_option"":""der Test"",""explanation"":""der Test = Bài kiểm tra""}","der Test","Bài kiểm tra","der Test","VALID","HIGH","Already adheres to canonical schema"
"3a8d2305e08482c9bbbce36f","741e1cc01783b0eb83ed3a7b","69cf8a5254ac00d7f7458643","Từ tiếng Đức nào có nghĩa là “Sinh viên”?","[""der Kurs"",""die Universität"",""die Studentin"",""der Test""]","{""correct_option"":""die Studentin"",""explanation"":""die Studentin = Sinh viên""}","die Studentin","Sinh viên","die Studentin","VALID","HIGH","Already adheres to canonical schema"
"b4a5f879a10cedc9091cc328","0236a77d8b83ed31df0f743a","69cf8a5254ac00d7f7458773","Từ tiếng Đức nào có nghĩa là “Thư viện”?","[""die Studentin"",""die Universität"",""die Hausaufgabe"",""die Bibliothek""]","{""correct_option"":""die Bibliothek"",""explanation"":""die Bibliothek = Thư viện""}","die Bibliothek","Thư viện","die Bibliothek","VALID","HIGH","Already adheres to canonical schema"
"c7ac6257f04678f146bee3f1","76c62f3ebccf13689fb5725d","69cf8a5254ac00d7f7458677","Từ tiếng Đức nào có nghĩa là “Phòng”?","[""das Zimmer"",""das Haus"",""wohnen"",""das Bad, -ä,er""]","{""correct_option_index"":0}","das Zimmer","Phòng","das Zimmer","AUTO_FIX","HIGH","Word ""das Zimmer"" found in options. Can standardize answer schema."
"aeb95d7caa924ced8090e559","2a328956470e73b6e0f6fb1a","69cf8a5254ac00d7f74585c2","Từ tiếng Đức nào có nghĩa là “sinh sống, ở”?","[""das Zimmer"",""das Haus"",""das Bad, -ä,er"",""wohnen""]","{""correct_option"":""wohnen"",""explanation"":""wohnen = sinh sống, ở""}","wohnen","sinh sống, ở","wohnen","VALID","HIGH","Already adheres to canonical schema"
"b63f2ae718f8d1898b47616b","f54b8b06964ef22838d6fef7","69cf8a5254ac00d7f74588f7","Từ tiếng Đức nào có nghĩa là “chung cư”?","[""das Bad, -ä,er"",""die Tür, -en"",""der Stuhl, -ü,e"",""die Wohnung, -en""]","{""correct_option_index"":0}","die Wohnung, -en","chung cư","die Wohnung, -en","AUTO_FIX","HIGH","Word ""die Wohnung, -en"" found in options. Can standardize answer schema."
"dc356e5b6c0c8705c1dda896","a476be25bb771bfa0e3f712b","69cf8a5254ac00d7f7458a42","Từ tiếng Đức nào có nghĩa là “phòng đơn (1 giường)”?","[""wohnen"",""das Einzelzimmer, -"",""das Zimmer"",""das Haus""]","{""correct_option"":""das Einzelzimmer, -"",""explanation"":""das Einzelzimmer, - = phòng đơn (1 giường)""}","das Einzelzimmer, -","phòng đơn (1 giường)","das Einzelzimmer, -","VALID","HIGH","Already adheres to canonical schema"
"ab49a8d5e19dbd1661dd384a","a476be25bb771bfa0e3f712b","69cf8a5254ac00d7f74585c2","Từ tiếng Đức nào có nghĩa là “sinh sống, ở”?","[""die Wohnung, -en"",""wohnen"",""der Stuhl, -ü,e"",""das Einzelzimmer, -""]","{""correct_option"":""wohnen"",""explanation"":""wohnen = sinh sống, ở""}","wohnen","sinh sống, ở","wohnen","VALID","HIGH","Already adheres to canonical schema"
"8661dc1309280f5f39427e4a","3daf85d57c31eabd57105871","69cf8a5254ac00d7f7458624","Từ tiếng Đức nào có nghĩa là “chụp ảnh”?","[""fotografieren"",""das Foto"",""lesen"",""tanzen""]","{""correct_option"":""fotografieren"",""explanation"":""fotografieren = chụp ảnh""}","fotografieren","chụp ảnh","fotografieren","VALID","HIGH","Already adheres to canonical schema"
"a020ccac6e4cd2d441ab4c8e","a16ccc1734a8ce914982f72a","69cf8a5254ac00d7f7458625","Từ tiếng Đức nào có nghĩa là “Ảnh, bức ảnh”?","[""das Kino"",""das Foto"",""der Fußball"",""spielen""]","{""correct_option"":""das Foto"",""explanation"":""das Foto = Ảnh, bức ảnh""}","das Foto","Ảnh, bức ảnh","das Foto","VALID","HIGH","Already adheres to canonical schema"
"e2364d53a835a1f8fe1d758e","2aafab54818ed4d128da463c","69cf8a5254ac00d7f7458612","Từ tiếng Đức nào có nghĩa là “Sở thích”?","[""das Kino"",""fotografieren"",""das Foto"",""das Hobby""]","{""correct_option"":""das Hobby"",""explanation"":""das Hobby = Sở thích""}","das Hobby","Sở thích","das Hobby","VALID","HIGH","Already adheres to canonical schema"
"62386e84dc14ac55ee076655","477ffc7186b53f902e47d536","69cf8a5254ac00d7f74588b7","Từ tiếng Đức nào có nghĩa là “cơn đau”?","[""der Schmerz, -en"",""gesund"",""krank"",""die Krankheit, -en""]","{""correct_option"":""der Schmerz, -en"",""explanation"":""der Schmerz, -en = cơn đau""}","der Schmerz, -en","cơn đau","der Schmerz, -en","VALID","HIGH","Already adheres to canonical schema"
"dd2143382dc40e0bacad81cf","477ffc7186b53f902e47d536","69cf8a5254ac00d7f74588c4","Từ tiếng Đức nào có nghĩa là “Bệnh”?","[""krank"",""der Schmerz, -en"",""die Apotheke, -n"",""die Krankheit, -en""]","{""correct_option"":""die Krankheit, -en"",""explanation"":""die Krankheit, -en = Bệnh""}","die Krankheit, -en","Bệnh","die Krankheit, -en","VALID","HIGH","Already adheres to canonical schema"
"d3e579f232e7e2be6850d5f7","f3773f4764322d408da25d02","69cf8a5254ac00d7f74588b7","Từ tiếng Đức nào có nghĩa là “cơn đau”?","[""gesund"",""der Schmerz, -en"",""der Arzt"",""der Krankenpfleger""]","{""correct_option_index"":0}","der Schmerz, -en","cơn đau","der Schmerz, -en","AUTO_FIX","HIGH","Word ""der Schmerz, -en"" found in options. Can standardize answer schema."
"ec16461856a7e62b8785ade0","62195d39c60a13d0882e42c9","69cf8a5254ac00d7f74588bf","Từ tiếng Đức nào có nghĩa là “tiệm thuốc”?","[""die Apotheke, -n"",""der Arzt"",""der Krankenpfleger"",""gesund""]","{""correct_option"":""die Apotheke, -n"",""explanation"":""die Apotheke, -n = tiệm thuốc""}","die Apotheke, -n","tiệm thuốc","die Apotheke, -n","VALID","HIGH","Already adheres to canonical schema"
"bac07d625e4793a03d9d4505","b0984236762d713d808ab854","69cf8a5254ac00d7f74588aa","Từ tiếng Đức nào có nghĩa là “bàn chân”?","[""das Bein, -e"",""der Fuß, - ü,e"",""die Hand, -ä,e"",""der Arm, -e""]","{""correct_option"":""der Fuß, - ü,e"",""explanation"":""der Fuß, - ü,e = bàn chân""}","der Fuß, - ü,e","bàn chân","der Fuß, - ü,e","VALID","HIGH","Already adheres to canonical schema"
"9e301029307fbd54dee6f26b","f92dd54111310beac6d0cb03","69cf8a5254ac00d7f74588a6","Từ tiếng Đức nào có nghĩa là “bàn tay”?","[""die Nase, -n"",""die Hand, -ä,e"",""das Bein, -e"",""das Auge, -n""]","{""correct_option"":""die Hand, -ä,e"",""explanation"":""die Hand, -ä,e = bàn tay""}","die Hand, -ä,e","bàn tay","die Hand, -ä,e","VALID","HIGH","Already adheres to canonical schema"
"c6a9e372ee5f2a31e554ad42","1da077a4c95ad8ba4f0de2cf","69cf8a5254ac00d7f74586de","Từ tiếng Đức nào có nghĩa là “Mùa thu”?","[""der Frühling"",""der Regen (Sg.)"",""der Herbst"",""der Winter""]","{""correct_option"":""der Herbst"",""explanation"":""der Herbst = Mùa thu""}","der Herbst","Mùa thu","der Herbst","VALID","HIGH","Already adheres to canonical schema"
"8b7bb4af6a8d5d7c7001f947","1da077a4c95ad8ba4f0de2cf","69cf8a5254ac00d7f7458a61","Từ tiếng Đức nào có nghĩa là “mặt trời”?","[""die Sonne (Sg.)"",""der Herbst"",""der Regen (Sg.)"",""die Wolke, -n""]","{""correct_option"":""die Sonne (Sg.)"",""explanation"":""die Sonne (Sg.) = mặt trời""}","die Sonne (Sg.)","mặt trời","die Sonne (Sg.)","VALID","HIGH","Already adheres to canonical schema"
"b7ea5a5a36018e2ec08e5cc5","33b52ea0cda7c35283cbd639","69cf8a5254ac00d7f7458a61","Từ tiếng Đức nào có nghĩa là “mặt trời”?","[""der Herbst"",""die Sonne (Sg.)"",""der Winter"",""der Frühling""]","{""correct_option"":""die Sonne (Sg.)"",""explanation"":""die Sonne (Sg.) = mặt trời""}","die Sonne (Sg.)","mặt trời","die Sonne (Sg.)","VALID","HIGH","Already adheres to canonical schema"
"150ae45ed5ba6f2ddd67f0ec","33b52ea0cda7c35283cbd639","69cf8a5254ac00d7f7458a65","Từ tiếng Đức nào có nghĩa là “mây (trời)”?","[""die Wolke, -n"",""der Frühling"",""der Herbst"",""der Regen (Sg.)""]","{""correct_option"":""die Wolke, -n"",""explanation"":""die Wolke, -n = mây (trời)""}","die Wolke, -n","mây (trời)","die Wolke, -n","VALID","HIGH","Already adheres to canonical schema"
"8caed173fb8795b3d6846b50","056ed7b76a8c85ad8c593568","69cf8a5254ac00d7f745873f","Từ tiếng Đức nào có nghĩa là “Đắt”?","[""die Bäckerei"",""kaufen"",""teuer"",""die Packung""]","{""correct_option_index"":0}","teuer","Đắt","teuer","AUTO_FIX","HIGH","Word ""teuer"" found in options. Can standardize answer schema."
"6ebe2db535c0f7478e10d5c6","a42ad837e259691f48f99576","69cf8a5254ac00d7f7458735","Từ tiếng Đức nào có nghĩa là “Xe đẩy mua hàng”?","[""der Einkaufswagen"",""teuer"",""die Packung"",""die Bäckerei""]","{""correct_option_index"":0}","der Einkaufswagen","Xe đẩy mua hàng","der Einkaufswagen","AUTO_FIX","HIGH","Word ""der Einkaufswagen"" found in options. Can standardize answer schema."
"5d45811abd8b3abc86d512e8","efb72ad511285965f348bfde","69cf8a5254ac00d7f745863d","Từ tiếng Đức nào có nghĩa là “Công ty”?","[""der Beruf"",""die Kellnerin"",""die Firma"",""arbeiten""]","{""correct_option"":""die Firma"",""explanation"":""die Firma = Công ty""}","die Firma","Công ty","die Firma","VALID","HIGH","Already adheres to canonical schema"
"407c9138511d7cfc44f85c50","741e1cc01783b0eb83ed3a7b","69cf8a5254ac00d7f7458640","Từ tiếng Đức nào có nghĩa là “Khoá học”?","[""die Schule"",""der Test"",""die Studentin"",""der Kurs""]","{""correct_option"":""der Kurs"",""explanation"":""der Kurs = Khoá học""}","der Kurs","Khoá học","der Kurs","VALID","HIGH","Already adheres to canonical schema"
"7cbda5a49c7de09967122d67","798690d1bfc1eacb6f682914","69cf8a5254ac00d7f74586f2","Từ tiếng Đức nào có nghĩa là “Bài kiểm tra”?","[""die Hausaufgabe"",""der Lehrer"",""der Test"",""die Universität""]","{""correct_option"":""der Test"",""explanation"":""der Test = Bài kiểm tra""}","der Test","Bài kiểm tra","der Test","VALID","HIGH","Already adheres to canonical schema"
"a9d3064b47972497d7279eb5","798690d1bfc1eacb6f682914","69cf8a5254ac00d7f7458640","Từ tiếng Đức nào có nghĩa là “Khoá học”?","[""die Bibliothek"",""der Kurs"",""die Hausaufgabe"",""der Lehrer""]","{""correct_option"":""der Kurs"",""explanation"":""der Kurs = Khoá học""}","der Kurs","Khoá học","der Kurs","VALID","HIGH","Already adheres to canonical schema"
"7b73d25e01d85f85eddaa424","76c62f3ebccf13689fb5725d","69cf8a5254ac00d7f745868c","Từ tiếng Đức nào có nghĩa là “Ngôi nhà”?","[""wohnen"",""das Bad, -ä,er"",""die Tür, -en"",""das Haus""]","{""correct_option_index"":0}","das Haus","Ngôi nhà","das Haus","AUTO_FIX","HIGH","Word ""das Haus"" found in options. Can standardize answer schema."
"751468af3f7ed18f279e59f5","76c62f3ebccf13689fb5725d","69cf8a5254ac00d7f74588fd","Từ tiếng Đức nào có nghĩa là “nhà tắm”?","[""das Einzelzimmer, -"",""das Bad, -ä,er"",""die Tür, -en"",""der Stuhl, -ü,e""]","{""correct_option_index"":0}","das Bad, -ä,er","nhà tắm","das Bad, -ä,er","AUTO_FIX","HIGH","Word ""das Bad, -ä,er"" found in options. Can standardize answer schema."
"3585b6774e77879c8e81ea6b","76c62f3ebccf13689fb5725d","69cf8a5254ac00d7f7458908","Từ tiếng Đức nào có nghĩa là “cửa”?","[""die Tür, -en"",""der Stuhl, -ü,e"",""das Einzelzimmer, -"",""die Wohnung, -en""]","{""correct_option_index"":0}","die Tür, -en","cửa","die Tür, -en","AUTO_FIX","HIGH","Word ""die Tür, -en"" found in options. Can standardize answer schema."
"6fbb4d50ba63ed1505d90bd9","477ffc7186b53f902e47d536","69cf8a5254ac00d7f74587b6","Từ tiếng Đức nào có nghĩa là “Ốm”?","[""der Schmerz, -en"",""krank"",""der Krankenpfleger"",""gesund""]","{""correct_option"":""krank"",""explanation"":""krank = Ốm""}","krank","Ốm","krank","VALID","HIGH","Already adheres to canonical schema"
"b4ca22cbe709d52b0e0959fa","f3773f4764322d408da25d02","69cf8a5254ac00d7f74587b6","Từ tiếng Đức nào có nghĩa là “Ốm”?","[""der Arzt"",""der Krankenpfleger"",""krank"",""das Krankenhaus""]","{""correct_option_index"":0}","krank","Ốm","krank","AUTO_FIX","HIGH","Word ""krank"" found in options. Can standardize answer schema."
"1dbd4e7a7f92876b032abe90","f3773f4764322d408da25d02","69cf8a5254ac00d7f74588c4","Từ tiếng Đức nào có nghĩa là “Bệnh”?","[""die Krankheit, -en"",""der Krankenpfleger"",""gesund"",""krank""]","{""correct_option_index"":0}","die Krankheit, -en","Bệnh","die Krankheit, -en","AUTO_FIX","HIGH","Word ""die Krankheit, -en"" found in options. Can standardize answer schema."
"abfbd82e459fa7783bf01f7b","62195d39c60a13d0882e42c9","69cf8a5254ac00d7f7458632","Từ tiếng Đức nào có nghĩa là “Bệnh viện”?","[""gesund"",""krank"",""der Schmerz, -en"",""das Krankenhaus""]","{""correct_option"":""das Krankenhaus"",""explanation"":""das Krankenhaus = Bệnh viện""}","das Krankenhaus","Bệnh viện","das Krankenhaus","VALID","HIGH","Already adheres to canonical schema"
"a1a1011df41d9c134ae067e4","62195d39c60a13d0882e42c9","69cf8a5254ac00d7f7458639","Từ tiếng Đức nào có nghĩa là “Điều dưỡng viên”?","[""die Apotheke, -n"",""der Krankenpfleger"",""der Schmerz, -en"",""die Krankheit, -en""]","{""correct_option"":""der Krankenpfleger"",""explanation"":""der Krankenpfleger = Điều dưỡng viên""}","der Krankenpfleger","Điều dưỡng viên","der Krankenpfleger","VALID","HIGH","Already adheres to canonical schema"
"7b58654b68866b01122023bd","f92dd54111310beac6d0cb03","69cf8a5254ac00d7f74588a1","Từ tiếng Đức nào có nghĩa là “đầu”?","[""das Bein, -e"",""das Auge, -n"",""der Kopf, -ö,e"",""der Fuß, - ü,e""]","{""correct_option"":""der Kopf, -ö,e"",""explanation"":""der Kopf, -ö,e = đầu""}","der Kopf, -ö,e","đầu","der Kopf, -ö,e","VALID","HIGH","Already adheres to canonical schema"
"2b6b7197a066ef9459089164","1eadda771e7935c3548002a2","69cf8a5254ac00d7f7458a65","Từ tiếng Đức nào có nghĩa là “mây (trời)”?","[""der Frühling"",""die Wolke, -n"",""der Sommer"",""der Winter""]","{""correct_option"":""die Wolke, -n"",""explanation"":""die Wolke, -n = mây (trời)""}","die Wolke, -n","mây (trời)","die Wolke, -n","VALID","HIGH","Already adheres to canonical schema"
"ad8ecba802d5df0d87d3e802","056ed7b76a8c85ad8c593568","69cf8a5254ac00d7f74586a8","Từ tiếng Đức nào có nghĩa là “Tiền Euro”?","[""teuer"",""die Packung"",""die Bäckerei"",""der Euro""]","{""correct_option_index"":0}","der Euro","Tiền Euro","der Euro","AUTO_FIX","HIGH","Word ""der Euro"" found in options. Can standardize answer schema."
"2a7714f900efe4f500999cdb","f1030646b56258c318adeabf","69cf8a5254ac00d7f745873f","Từ tiếng Đức nào có nghĩa là “Đắt”?","[""der Markt"",""der Euro"",""die Packung"",""teuer""]","{""correct_option"":""teuer"",""explanation"":""teuer = Đắt""}","teuer","Đắt","teuer","VALID","HIGH","Already adheres to canonical schema"
"439033acb0d8caa5caaef442","4600b87c8f507b4bbfcf0ca4","69cf8a5254ac00d7f745862b","Từ tiếng Đức nào có nghĩa là “làm việc”?","[""der Beruf"",""die Firma"",""die Kellnerin"",""arbeiten""]","{""correct_option"":""arbeiten"",""explanation"":""arbeiten = làm việc""}","arbeiten","làm việc","arbeiten","VALID","HIGH","Already adheres to canonical schema"
"1c8337be4e401409f280d0fa","4600b87c8f507b4bbfcf0ca4","69cf8a5254ac00d7f745862d","Từ tiếng Đức nào có nghĩa là “Công việc, nghề nghiệp”?","[""die Kellnerin"",""der Polizist"",""der Beruf"",""die Firma""]","{""correct_option"":""der Beruf"",""explanation"":""der Beruf = Công việc, nghề nghiệp""}","der Beruf","Công việc, nghề nghiệp","der Beruf","VALID","HIGH","Already adheres to canonical schema"
"94d87e75513a5a3ca25e109c","2c64eae44313170f08fad519","69cf8a5254ac00d7f7458636","Từ tiếng Đức nào có nghĩa là “Nhân viên bồi bàn”?","[""arbeiten"",""der Beruf"",""die Kellnerin"",""der Kollege""]","{""correct_option"":""die Kellnerin"",""explanation"":""die Kellnerin = Nhân viên bồi bàn""}","die Kellnerin","Nhân viên bồi bàn","die Kellnerin","VALID","HIGH","Already adheres to canonical schema"
"b01ddfdb6582bdd3df9f5f05","2c64eae44313170f08fad519","69cf8a5254ac00d7f7458633","Từ tiếng Đức nào có nghĩa là “Thợ cắt tóc”?","[""der Friseur"",""der Beruf"",""die Firma"",""die Kellnerin""]","{""correct_option"":""der Friseur"",""explanation"":""der Friseur = Thợ cắt tóc""}","der Friseur","Thợ cắt tóc","der Friseur","VALID","HIGH","Already adheres to canonical schema"
"78ea9b3408b9d97545a63ee4","ff45f6a09b14d343c44c350f","69cf8a5254ac00d7f7458635","Từ tiếng Đức nào có nghĩa là “Nhà báo”?","[""der Journalist"",""arbeiten"",""der Beruf"",""die Firma""]","{""correct_option"":""der Journalist"",""explanation"":""der Journalist = Nhà báo""}","der Journalist","Nhà báo","der Journalist","VALID","HIGH","Already adheres to canonical schema"
"6027af48e9017ba7da0020d0","ff45f6a09b14d343c44c350f","69cf8a5254ac00d7f745862b","Từ tiếng Đức nào có nghĩa là “làm việc”?","[""der Polizist"",""der Friseur"",""arbeiten"",""die Kellnerin""]","{""correct_option"":""arbeiten"",""explanation"":""arbeiten = làm việc""}","arbeiten","làm việc","arbeiten","VALID","HIGH","Already adheres to canonical schema"
"ebe5ebe2787953f310aade92","ff45f6a09b14d343c44c350f","69cf8a5254ac00d7f745862d","Từ tiếng Đức nào có nghĩa là “Công việc, nghề nghiệp”?","[""der Journalist"",""der Beruf"",""der Polizist"",""der Friseur""]","{""correct_option"":""der Beruf"",""explanation"":""der Beruf = Công việc, nghề nghiệp""}","der Beruf","Công việc, nghề nghiệp","der Beruf","VALID","HIGH","Already adheres to canonical schema"
"1a2e84aba8fd56e9438d0412","0236a77d8b83ed31df0f743a","69cf8a5254ac00d7f7458645","Từ tiếng Đức nào có nghĩa là “Trường đại học”?","[""der Test"",""der Kurs"",""die Universität"",""die Schule""]","{""correct_option_index"":2}","die Universität","Trường đại học","die Universität","AUTO_FIX","HIGH","Word ""die Universität"" found in options. Can standardize answer schema."
"19ac530680ba37bb69453b22","0236a77d8b83ed31df0f743a","69cf8a5254ac00d7f745863f","Từ tiếng Đức nào có nghĩa là “Trường học”?","[""der Lehrer"",""die Bibliothek"",""die Schule"",""die Hausaufgabe""]","{""correct_option"":""die Schule"",""explanation"":""die Schule = Trường học""}","die Schule","Trường học","die Schule","VALID","HIGH","Already adheres to canonical schema"
"8c0bac7573c92fac75cb84eb","798690d1bfc1eacb6f682914","69cf8a5254ac00d7f745863e","Từ tiếng Đức nào có nghĩa là “Thầy giáo”?","[""der Kurs"",""der Lehrer"",""die Schule"",""der Test""]","{""correct_option"":""der Lehrer"",""explanation"":""der Lehrer = Thầy giáo""}","der Lehrer","Thầy giáo","der Lehrer","VALID","HIGH","Already adheres to canonical schema"
"b8c7ac42096a10f128436cd7","798690d1bfc1eacb6f682914","69cf8a5254ac00d7f7458773","Từ tiếng Đức nào có nghĩa là “Thư viện”?","[""die Bibliothek"",""der Test"",""der Kurs"",""die Studentin""]","{""correct_option"":""die Bibliothek"",""explanation"":""die Bibliothek = Thư viện""}","die Bibliothek","Thư viện","die Bibliothek","VALID","HIGH","Already adheres to canonical schema"
"b44abb500a86061dfda9d426","2aafab54818ed4d128da463c","69cf8a5254ac00d7f7458629","Từ tiếng Đức nào có nghĩa là “nhảy”?","[""tanzen"",""der Fußball"",""spielen"",""das Kino""]","{""correct_option"":""tanzen"",""explanation"":""tanzen = nhảy""}","tanzen","nhảy","tanzen","VALID","HIGH","Already adheres to canonical schema"
"376fbe7b5f86709c1884b577","2aafab54818ed4d128da463c","69cf8a5254ac00d7f745861b","Từ tiếng Đức nào có nghĩa là “Bóng đá”?","[""das Foto"",""lesen"",""der Fußball"",""fotografieren""]","{""correct_option"":""der Fußball"",""explanation"":""der Fußball = Bóng đá""}","der Fußball","Bóng đá","der Fußball","VALID","HIGH","Already adheres to canonical schema"
"b189bffb55a93023f8c213e5","693e8098db6238d486199b77","69cf8a5254ac00d7f74588aa","Từ tiếng Đức nào có nghĩa là “bàn chân”?","[""der Kopf, -ö,e"",""die Hand, -ä,e"",""der Fuß, - ü,e"",""der Körper, -""]","{""correct_option_index"":0}","der Fuß, - ü,e","bàn chân","der Fuß, - ü,e","AUTO_FIX","HIGH","Word ""der Fuß, - ü,e"" found in options. Can standardize answer schema."
"3189ccef93d6dd7ef5b64af3","693e8098db6238d486199b77","69cf8a5254ac00d7f74588b0","Từ tiếng Đức nào có nghĩa là “mũi”?","[""der Arm, -e"",""der Fuß, - ü,e"",""das Bein, -e"",""die Nase, -n""]","{""correct_option_index"":0}","die Nase, -n","mũi","die Nase, -n","AUTO_FIX","HIGH","Word ""die Nase, -n"" found in options. Can standardize answer schema."
"b0a833108cfee6ec3f37699e","a58bda09c5a36b9aa4f68104","69cf8a5254ac00d7f74586dd","Từ tiếng Đức nào có nghĩa là “Mùa hè”?","[""der Sommer"",""der Winter"",""der Frühling"",""der Herbst""]","{""correct_option_index"":0}","der Sommer","Mùa hè","der Sommer","AUTO_FIX","HIGH","Word ""der Sommer"" found in options. Can standardize answer schema."
"d7f75fc3125e979af0682c69","1da077a4c95ad8ba4f0de2cf","69cf8a5254ac00d7f7458a67","Từ tiếng Đức nào có nghĩa là “cơn mưa”?","[""die Sonne (Sg.)"",""der Regen (Sg.)"",""der Frühling"",""der Herbst""]","{""correct_option"":""der Regen (Sg.)"",""explanation"":""der Regen (Sg.) = cơn mưa""}","der Regen (Sg.)","cơn mưa","der Regen (Sg.)","VALID","HIGH","Already adheres to canonical schema"
"fcd5dad2bf7a302cc3da57ce","33b52ea0cda7c35283cbd639","69cf8a5254ac00d7f74586dd","Từ tiếng Đức nào có nghĩa là “Mùa hè”?","[""die Wolke, -n"",""der Wind, -e"",""der Sommer"",""die Sonne (Sg.)""]","{""correct_option"":""der Sommer"",""explanation"":""der Sommer = Mùa hè""}","der Sommer","Mùa hè","der Sommer","VALID","HIGH","Already adheres to canonical schema"
"08d026df86a580842c545115","f1030646b56258c318adeabf","69cf8a5254ac00d7f7458727","Từ tiếng Đức nào có nghĩa là “Tiệm bánh”?","[""kaufen"",""die Bäckerei"",""teuer"",""die Packung""]","{""correct_option"":""die Bäckerei"",""explanation"":""die Bäckerei = Tiệm bánh""}","die Bäckerei","Tiệm bánh","die Bäckerei","VALID","HIGH","Already adheres to canonical schema"
"804de43fab50a83463bbceec","f1030646b56258c318adeabf","69cf8a5254ac00d7f7458733","Từ tiếng Đức nào có nghĩa là “Mua”?","[""kaufen"",""die Packung"",""die Bäckerei"",""der Einkaufswagen""]","{""correct_option"":""kaufen"",""explanation"":""kaufen = Mua""}","kaufen","Mua","kaufen","VALID","HIGH","Already adheres to canonical schema"
"2dd857232a61c798d6e5f88d","a42ad837e259691f48f99576","69cf8a5254ac00d7f7458694","Từ tiếng Đức nào có nghĩa là “Chợ”?","[""der Einkaufswagen"",""der Preis"",""der Markt"",""kaufen""]","{""correct_option_index"":0}","der Markt","Chợ","der Markt","AUTO_FIX","HIGH","Word ""der Markt"" found in options. Can standardize answer schema."
"58b4e4d0a5db5b8ad2a5ed52","4600b87c8f507b4bbfcf0ca4","69cf8a5254ac00d7f745863d","Từ tiếng Đức nào có nghĩa là “Công ty”?","[""der Friseur"",""die Firma"",""die Kellnerin"",""der Polizist""]","{""correct_option"":""die Firma"",""explanation"":""die Firma = Công ty""}","die Firma","Công ty","die Firma","VALID","HIGH","Already adheres to canonical schema"
"b31c2e80dfb8f23ec235bbd8","2c64eae44313170f08fad519","69cf8a5254ac00d7f745863b","Từ tiếng Đức nào có nghĩa là “Đồng nghiệp nam”?","[""der Friseur"",""der Journalist"",""der Kollege"",""der Polizist""]","{""correct_option"":""der Kollege"",""explanation"":""der Kollege = Đồng nghiệp nam""}","der Kollege","Đồng nghiệp nam","der Kollege","VALID","HIGH","Already adheres to canonical schema"
"a272fbd685cb2a83a5e8b4f2","ff45f6a09b14d343c44c350f","69cf8a5254ac00d7f745863b","Từ tiếng Đức nào có nghĩa là “Đồng nghiệp nam”?","[""die Firma"",""die Kellnerin"",""der Polizist"",""der Kollege""]","{""correct_option"":""der Kollege"",""explanation"":""der Kollege = Đồng nghiệp nam""}","der Kollege","Đồng nghiệp nam","der Kollege","VALID","HIGH","Already adheres to canonical schema"
"a8da3c536297db79f4417ce7","c758a88c49bcb9dac39e41cb","69cf8a5254ac00d7f7458640","Từ tiếng Đức nào có nghĩa là “Khoá học”?","[""die Universität"",""die Hausaufgabe"",""der Kurs"",""die Studentin""]","{""correct_option"":""der Kurs"",""explanation"":""der Kurs = Khoá học""}","der Kurs","Khoá học","der Kurs","VALID","HIGH","Already adheres to canonical schema"
"c3750cf355b2d9481cfc4d0d","c758a88c49bcb9dac39e41cb","69cf8a5254ac00d7f7458645","Từ tiếng Đức nào có nghĩa là “Trường đại học”?","[""die Universität"",""die Hausaufgabe"",""der Lehrer"",""die Bibliothek""]","{""correct_option"":""die Universität"",""explanation"":""die Universität = Trường đại học""}","die Universität","Trường đại học","die Universität","VALID","HIGH","Already adheres to canonical schema"
"1957ceee4e6e8d24ee0aa6bd","f54b8b06964ef22838d6fef7","69cf8a5254ac00d7f7458908","Từ tiếng Đức nào có nghĩa là “cửa”?","[""das Haus"",""wohnen"",""die Tür, -en"",""das Zimmer""]","{""correct_option_index"":0}","die Tür, -en","cửa","die Tür, -en","AUTO_FIX","HIGH","Word ""die Tür, -en"" found in options. Can standardize answer schema."
"4a0b304b62dc7d3e71922cbf","a476be25bb771bfa0e3f712b","69cf8a5254ac00d7f74588f7","Từ tiếng Đức nào có nghĩa là “chung cư”?","[""die Wohnung, -en"",""das Haus"",""wohnen"",""das Bad, -ä,er""]","{""correct_option"":""die Wohnung, -en"",""explanation"":""die Wohnung, -en = chung cư""}","die Wohnung, -en","chung cư","die Wohnung, -en","VALID","HIGH","Already adheres to canonical schema"
"51ecb00049680d15107eb980","31af0f910b7db0708dd982b1","69cf8a5254ac00d7f7458624","Từ tiếng Đức nào có nghĩa là “chụp ảnh”?","[""das Foto"",""fotografieren"",""spielen"",""das Kino""]","{""correct_option"":""fotografieren"",""explanation"":""fotografieren = chụp ảnh""}","fotografieren","chụp ảnh","fotografieren","VALID","HIGH","Already adheres to canonical schema"
"c47ffaa3c7095f0757f8b344","a16ccc1734a8ce914982f72a","69cf8a5254ac00d7f74585fc","Từ tiếng Đức nào có nghĩa là “đọc”?","[""lesen"",""spielen"",""das Kino"",""fotografieren""]","{""correct_option"":""lesen"",""explanation"":""lesen = đọc""}","lesen","đọc","lesen","VALID","HIGH","Already adheres to canonical schema"
"1b1d0b812827e079b68aac65","f3773f4764322d408da25d02","69cf8a5254ac00d7f74588bf","Từ tiếng Đức nào có nghĩa là “tiệm thuốc”?","[""gesund"",""krank"",""der Schmerz, -en"",""die Apotheke, -n""]","{""correct_option_index"":0}","die Apotheke, -n","tiệm thuốc","die Apotheke, -n","AUTO_FIX","HIGH","Word ""die Apotheke, -n"" found in options. Can standardize answer schema."
"038b3585f22d3eef8cfae1f4","62195d39c60a13d0882e42c9","69cf8a5254ac00d7f74588c4","Từ tiếng Đức nào có nghĩa là “Bệnh”?","[""der Krankenpfleger"",""die Krankheit, -en"",""das Krankenhaus"",""der Arzt""]","{""correct_option"":""die Krankheit, -en"",""explanation"":""die Krankheit, -en = Bệnh""}","die Krankheit, -en","Bệnh","die Krankheit, -en","VALID","HIGH","Already adheres to canonical schema"
"1c5caa7d67e5d0b59feee036","0bfa9269456dc67bcbaa020e","69cf8a5254ac00d7f74588a6","Từ tiếng Đức nào có nghĩa là “bàn tay”?","[""der Fuß, - ü,e"",""das Bein, -e"",""die Hand, -ä,e"",""der Arm, -e""]","{""correct_option"":""die Hand, -ä,e"",""explanation"":""die Hand, -ä,e = bàn tay""}","die Hand, -ä,e","bàn tay","die Hand, -ä,e","VALID","HIGH","Already adheres to canonical schema"
"1c9feeb4e25fff4ff1dca370","b0984236762d713d808ab854","69cf8a5254ac00d7f74588a5","Từ tiếng Đức nào có nghĩa là “cánh tay”?","[""die Hand, -ä,e"",""der Fuß, - ü,e"",""der Arm, -e"",""der Kopf, -ö,e""]","{""correct_option"":""der Arm, -e"",""explanation"":""der Arm, -e = cánh tay""}","der Arm, -e","cánh tay","der Arm, -e","VALID","HIGH","Already adheres to canonical schema"
"126f8d775889bd506be9057e","693e8098db6238d486199b77","69cf8a5254ac00d7f74588a8","Từ tiếng Đức nào có nghĩa là “chân”?","[""der Arm, -e"",""das Bein, -e"",""der Kopf, -ö,e"",""die Hand, -ä,e""]","{""correct_option_index"":0}","das Bein, -e","chân","das Bein, -e","AUTO_FIX","HIGH","Word ""das Bein, -e"" found in options. Can standardize answer schema."
"ccd2e04be20696168e3d9a8c","f92dd54111310beac6d0cb03","69cf8a5254ac00d7f74588ae","Từ tiếng Đức nào có nghĩa là “mắt”?","[""die Hand, -ä,e"",""das Auge, -n"",""der Körper, -"",""der Kopf, -ö,e""]","{""correct_option_index"":1}","das Auge, -n","mắt","das Auge, -n","AUTO_FIX","HIGH","Word ""das Auge, -n"" found in options. Can standardize answer schema."
"a44a353ceb7048aebc83d061","a58bda09c5a36b9aa4f68104","69cf8a5254ac00d7f74586df","Từ tiếng Đức nào có nghĩa là “Mùa đông”?","[""der Frühling"",""der Herbst"",""der Regen (Sg.)"",""der Winter""]","{""correct_option_index"":0}","der Winter","Mùa đông","der Winter","AUTO_FIX","HIGH","Word ""der Winter"" found in options. Can standardize answer schema."
"8831dba97dc337f25f056d81","1da077a4c95ad8ba4f0de2cf","69cf8a5254ac00d7f7458a65","Từ tiếng Đức nào có nghĩa là “mây (trời)”?","[""der Regen (Sg.)"",""die Sonne (Sg.)"",""der Wind, -e"",""die Wolke, -n""]","{""correct_option"":""die Wolke, -n"",""explanation"":""die Wolke, -n = mây (trời)""}","die Wolke, -n","mây (trời)","die Wolke, -n","VALID","HIGH","Already adheres to canonical schema"
"7afd4e7e1d09fabdb026f77e","33b52ea0cda7c35283cbd639","69cf8a5254ac00d7f7458a67","Từ tiếng Đức nào có nghĩa là “cơn mưa”?","[""der Winter"",""der Frühling"",""der Regen (Sg.)"",""der Sommer""]","{""correct_option"":""der Regen (Sg.)"",""explanation"":""der Regen (Sg.) = cơn mưa""}","der Regen (Sg.)","cơn mưa","der Regen (Sg.)","VALID","HIGH","Already adheres to canonical schema"
"fd71d4dec6a6904e1cc44e1a","056ed7b76a8c85ad8c593568","69cf8a5254ac00d7f7458694","Từ tiếng Đức nào có nghĩa là “Chợ”?","[""der Euro"",""teuer"",""die Packung"",""efwfe""]","{""correct_option_index"":0}","der Markt","Chợ","der Markt","REVIEW_REQUIRED","HIGH","Vocabulary word ""der Markt"" not found in options: [""der Euro"",""teuer"",""die Packung"",""efwfe""]"
"a06c469b0b85a7dedf941b2b","a42ad837e259691f48f99576","69cf8a5254ac00d7f7458733","Từ tiếng Đức nào có nghĩa là “Mua”?","[""die Packung"",""kaufen"",""der Euro"",""teuer""]","{""correct_option_index"":0}","kaufen","Mua","kaufen","AUTO_FIX","HIGH","Word ""kaufen"" found in options. Can standardize answer schema."
"0b65598e0c1c7af5519fbe40","3bd43d5ff2febe702fb727dc","69cf8a5254ac00d7f74586a8","Từ tiếng Đức nào có nghĩa là “Tiền Euro”?","[""kaufen"",""der Einkaufswagen"",""der Euro"",""die Bäckerei""]","{""correct_option"":""der Euro"",""explanation"":""der Euro = Tiền Euro""}","der Euro","Tiền Euro","der Euro","VALID","HIGH","Already adheres to canonical schema"
"3e89f74e7654245409eed319","4600b87c8f507b4bbfcf0ca4","69cf8a5254ac00d7f745863b","Từ tiếng Đức nào có nghĩa là “Đồng nghiệp nam”?","[""der Kollege"",""arbeiten"",""der Beruf"",""die Firma""]","{""correct_option"":""der Kollege"",""explanation"":""der Kollege = Đồng nghiệp nam""}","der Kollege","Đồng nghiệp nam","der Kollege","VALID","HIGH","Already adheres to canonical schema"
"2105d1145299c07c407f1506","2c64eae44313170f08fad519","69cf8a5254ac00d7f7458642","Từ tiếng Đức nào có nghĩa là “Công an, cảnh sát”?","[""die Firma"",""der Polizist"",""arbeiten"",""der Beruf""]","{""correct_option"":""der Polizist"",""explanation"":""der Polizist = Công an, cảnh sát""}","der Polizist","Công an, cảnh sát","der Polizist","VALID","HIGH","Already adheres to canonical schema"
"4ef1eb1ff98f29f639524ea0","c758a88c49bcb9dac39e41cb","69cf8a5254ac00d7f745863f","Từ tiếng Đức nào có nghĩa là “Trường học”?","[""die Schule"",""der Test"",""der Kurs"",""die Studentin""]","{""correct_option"":""die Schule"",""explanation"":""die Schule = Trường học""}","die Schule","Trường học","die Schule","VALID","HIGH","Already adheres to canonical schema"
"7c32b4803863126895999192","c758a88c49bcb9dac39e41cb","69cf8a5254ac00d7f7458643","Từ tiếng Đức nào có nghĩa là “Sinh viên”?","[""der Lehrer"",""die Studentin"",""die Universität"",""die Hausaufgabe""]","{""correct_option"":""die Studentin"",""explanation"":""die Studentin = Sinh viên""}","die Studentin","Sinh viên","die Studentin","VALID","HIGH","Already adheres to canonical schema"
"c5ed377aae6203ef1d761bfd","741e1cc01783b0eb83ed3a7b","69cf8a5254ac00d7f745863e","Từ tiếng Đức nào có nghĩa là “Thầy giáo”?","[""die Universität"",""die Hausaufgabe"",""die Bibliothek"",""der Lehrer""]","{""correct_option"":""der Lehrer"",""explanation"":""der Lehrer = Thầy giáo""}","der Lehrer","Thầy giáo","der Lehrer","VALID","HIGH","Already adheres to canonical schema"
"52ec8606400898bacb365613","f54b8b06964ef22838d6fef7","69cf8a5254ac00d7f7458924","Từ tiếng Đức nào có nghĩa là “ghế”?","[""das Bad, -ä,er"",""der Stuhl, -ü,e"",""das Haus"",""wohnen""]","{""correct_option_index"":0}","der Stuhl, -ü,e","ghế","der Stuhl, -ü,e","AUTO_FIX","HIGH","Word ""der Stuhl, -ü,e"" found in options. Can standardize answer schema."
"d6a703f09a94f987b05bfbba","f54b8b06964ef22838d6fef7","69cf8a5254ac00d7f7458a42","Từ tiếng Đức nào có nghĩa là “phòng đơn (1 giường)”?","[""das Einzelzimmer, -"",""wohnen"",""das Bad, -ä,er"",""die Tür, -en""]","{""correct_option_index"":0}","das Einzelzimmer, -","phòng đơn (1 giường)","das Einzelzimmer, -","AUTO_FIX","HIGH","Word ""das Einzelzimmer, -"" found in options. Can standardize answer schema."
"450b1b9a5d6684bf4e22ba40","3daf85d57c31eabd57105871","69cf8a5254ac00d7f7458603","Từ tiếng Đức nào có nghĩa là “chơi”?","[""fotografieren"",""das Foto"",""spielen"",""das Kino""]","{""correct_option"":""spielen"",""explanation"":""spielen = chơi""}","spielen","chơi","spielen","VALID","HIGH","Already adheres to canonical schema"
"d0158e7e4b9ffbd1a983cf1e","3daf85d57c31eabd57105871","69cf8a5254ac00d7f745861e","Từ tiếng Đức nào có nghĩa là “Rạp chiếu phim”?","[""lesen"",""das Kino"",""fotografieren"",""das Foto""]","{""correct_option"":""das Kino"",""explanation"":""das Kino = Rạp chiếu phim""}","das Kino","Rạp chiếu phim","das Kino","VALID","HIGH","Already adheres to canonical schema"
"562ce5e8d0cf05f7fd8f8905","31af0f910b7db0708dd982b1","69cf8a5254ac00d7f7458625","Từ tiếng Đức nào có nghĩa là “Ảnh, bức ảnh”?","[""das Foto"",""das Kino"",""fotografieren"",""lesen""]","{""correct_option"":""das Foto"",""explanation"":""das Foto = Ảnh, bức ảnh""}","das Foto","Ảnh, bức ảnh","das Foto","VALID","HIGH","Already adheres to canonical schema"
"d5f793d103941b1754ba7d2b","0bfa9269456dc67bcbaa020e","69cf8a5254ac00d7f74588a1","Từ tiếng Đức nào có nghĩa là “đầu”?","[""die Hand, -ä,e"",""der Arm, -e"",""der Fuß, - ü,e"",""der Kopf, -ö,e""]","{""correct_option"":""der Kopf, -ö,e"",""explanation"":""der Kopf, -ö,e = đầu""}","der Kopf, -ö,e","đầu","der Kopf, -ö,e","VALID","HIGH","Already adheres to canonical schema"
"4b9cfb591d045c7d1ebc18a1","0bfa9269456dc67bcbaa020e","69cf8a5254ac00d7f74588aa","Từ tiếng Đức nào có nghĩa là “bàn chân”?","[""der Fuß, - ü,e"",""das Bein, -e"",""das Auge, -n"",""die Nase, -n""]","{""correct_option"":""der Fuß, - ü,e"",""explanation"":""der Fuß, - ü,e = bàn chân""}","der Fuß, - ü,e","bàn chân","der Fuß, - ü,e","VALID","HIGH","Already adheres to canonical schema"
"ac0cf9a103d3e11a2b3baf91","a58bda09c5a36b9aa4f68104","69cf8a5254ac00d7f74586dc","Từ tiếng Đức nào có nghĩa là “Mùa xuân”?","[""der Regen (Sg.)"",""die Sonne (Sg.)"",""der Frühling"",""der Herbst""]","{""correct_option_index"":0}","der Frühling","Mùa xuân","der Frühling","AUTO_FIX","HIGH","Word ""der Frühling"" found in options. Can standardize answer schema."
"acc8b961a1594932ba188594","a58bda09c5a36b9aa4f68104","69cf8a5254ac00d7f74586de","Từ tiếng Đức nào có nghĩa là “Mùa thu”?","[""die Wolke, -n"",""der Herbst"",""der Regen (Sg.)"",""die Sonne (Sg.)""]","{""correct_option_index"":0}","der Herbst","Mùa thu","der Herbst","AUTO_FIX","HIGH","Word ""der Herbst"" found in options. Can standardize answer schema."
"69240623fe66c5c351335b23","1eadda771e7935c3548002a2","69cf8a5254ac00d7f74586df","Từ tiếng Đức nào có nghĩa là “Mùa đông”?","[""die Sonne (Sg.)"",""die Wolke, -n"",""der Winter"",""der Regen (Sg.)""]","{""correct_option"":""der Winter"",""explanation"":""der Winter = Mùa đông""}","der Winter","Mùa đông","der Winter","VALID","HIGH","Already adheres to canonical schema"
"288a77c83fe30d43b7d5d96a","3bd43d5ff2febe702fb727dc","69cf8a5254ac00d7f745873f","Từ tiếng Đức nào có nghĩa là “Đắt”?","[""der Preis"",""teuer"",""kaufen"",""der Einkaufswagen""]","{""correct_option"":""teuer"",""explanation"":""teuer = Đắt""}","teuer","Đắt","teuer","VALID","HIGH","Already adheres to canonical schema"
"a68f95de39769983157f6172","efb72ad511285965f348bfde","69cf8a5254ac00d7f7458636","Từ tiếng Đức nào có nghĩa là “Nhân viên bồi bàn”?","[""der Polizist"",""die Kellnerin"",""der Beruf"",""die Firma""]","{""correct_option"":""die Kellnerin"",""explanation"":""die Kellnerin = Nhân viên bồi bàn""}","die Kellnerin","Nhân viên bồi bàn","die Kellnerin","VALID","HIGH","Already adheres to canonical schema"
"5a2be42239c4606bc6d539d5","efb72ad511285965f348bfde","69cf8a5254ac00d7f7458633","Từ tiếng Đức nào có nghĩa là “Thợ cắt tóc”?","[""die Kellnerin"",""der Polizist"",""der Journalist"",""der Friseur""]","{""correct_option"":""der Friseur"",""explanation"":""der Friseur = Thợ cắt tóc""}","der Friseur","Thợ cắt tóc","der Friseur","VALID","HIGH","Already adheres to canonical schema"
"ed0335670abc2c7f6623d970","2a328956470e73b6e0f6fb1a","69cf8a5254ac00d7f7458a42","Từ tiếng Đức nào có nghĩa là “phòng đơn (1 giường)”?","[""die Tür, -en"",""der Stuhl, -ü,e"",""die Wohnung, -en"",""das Einzelzimmer, -""]","{""correct_option"":""das Einzelzimmer, -"",""explanation"":""das Einzelzimmer, - = phòng đơn (1 giường)""}","das Einzelzimmer, -","phòng đơn (1 giường)","das Einzelzimmer, -","VALID","HIGH","Already adheres to canonical schema"
"f72adb2e07d86196231bb1b3","f54b8b06964ef22838d6fef7","69cf8a5254ac00d7f7458677","Từ tiếng Đức nào có nghĩa là “Phòng”?","[""das Einzelzimmer, -"",""die Wohnung, -en"",""das Zimmer"",""der Stuhl, -ü,e""]","{""correct_option_index"":0}","das Zimmer","Phòng","das Zimmer","AUTO_FIX","HIGH","Word ""das Zimmer"" found in options. Can standardize answer schema."
"356f19bc3eefafb3ab125fa3","3daf85d57c31eabd57105871","69cf8a5254ac00d7f745861b","Từ tiếng Đức nào có nghĩa là “Bóng đá”?","[""spielen"",""das Kino"",""fotografieren"",""der Fußball""]","{""correct_option"":""der Fußball"",""explanation"":""der Fußball = Bóng đá""}","der Fußball","Bóng đá","der Fußball","VALID","HIGH","Already adheres to canonical schema"
"1267e5a654aa4d04c0559257","31af0f910b7db0708dd982b1","69cf8a5254ac00d7f7458603","Từ tiếng Đức nào có nghĩa là “chơi”?","[""das Hobby"",""der Fußball"",""das Kino"",""spielen""]","{""correct_option"":""spielen"",""explanation"":""spielen = chơi""}","spielen","chơi","spielen","VALID","HIGH","Already adheres to canonical schema"
"3db85007f91b460332ffbe1d","31af0f910b7db0708dd982b1","69cf8a5254ac00d7f74585fc","Từ tiếng Đức nào có nghĩa là “đọc”?","[""fotografieren"",""das Foto"",""tanzen"",""lesen""]","{""correct_option"":""lesen"",""explanation"":""lesen = đọc""}","lesen","đọc","lesen","VALID","HIGH","Already adheres to canonical schema"
"effcb0791d2754771bfe3dd7","fc0d8f32da5df1f456954383","69cf8a5254ac00d7f7458762","Từ tiếng Đức nào có nghĩa là “Khỏe mạnh”?","[""die Krankheit, -en"",""gesund"",""krank"",""der Schmerz, -en""]","{""correct_option"":""gesund"",""explanation"":""gesund = Khỏe mạnh""}","gesund","Khỏe mạnh","gesund","VALID","HIGH","Already adheres to canonical schema"
"e40c112ee3f4e4f9ee503b00","477ffc7186b53f902e47d536","69cf8a5254ac00d7f7458639","Từ tiếng Đức nào có nghĩa là “Điều dưỡng viên”?","[""das Krankenhaus"",""der Arzt"",""gesund"",""der Krankenpfleger""]","{""correct_option"":""der Krankenpfleger"",""explanation"":""der Krankenpfleger = Điều dưỡng viên""}","der Krankenpfleger","Điều dưỡng viên","der Krankenpfleger","VALID","HIGH","Already adheres to canonical schema"
"b8df415fa21f36d23a6bc93d","a58bda09c5a36b9aa4f68104","69cf8a5254ac00d7f7458a67","Từ tiếng Đức nào có nghĩa là “cơn mưa”?","[""der Regen (Sg.)"",""die Sonne (Sg.)"",""die Wolke, -n"",""der Wind, -e""]","{""correct_option_index"":0}","der Regen (Sg.)","cơn mưa","der Regen (Sg.)","AUTO_FIX","HIGH","Word ""der Regen (Sg.)"" found in options. Can standardize answer schema."
"3a04af1cde5911ae7202c4e7","1eadda771e7935c3548002a2","69cf8a5254ac00d7f74586dd","Từ tiếng Đức nào có nghĩa là “Mùa hè”?","[""der Herbst"",""der Regen (Sg.)"",""die Sonne (Sg.)"",""der Sommer""]","{""correct_option"":""der Sommer"",""explanation"":""der Sommer = Mùa hè""}","der Sommer","Mùa hè","der Sommer","VALID","HIGH","Already adheres to canonical schema"
"b71992e5fc6d6c9df325bba1","1eadda771e7935c3548002a2","69cf8a5254ac00d7f74586dc","Từ tiếng Đức nào có nghĩa là “Mùa xuân”?","[""der Wind, -e"",""der Frühling"",""die Sonne (Sg.)"",""die Wolke, -n""]","{""correct_option"":""der Frühling"",""explanation"":""der Frühling = Mùa xuân""}","der Frühling","Mùa xuân","der Frühling","VALID","HIGH","Already adheres to canonical schema"
"b47c9f337badfb6429159c8a","056ed7b76a8c85ad8c593568","69cf8a5254ac00d7f745872b","Từ tiếng Đức nào có nghĩa là “Gói hàng”?","[""der Einkaufswagen"",""die Packung"",""die Bäckerei"",""kaufen""]","{""correct_option_index"":0}","die Packung","Gói hàng","die Packung","AUTO_FIX","HIGH","Word ""die Packung"" found in options. Can standardize answer schema."
"af34e7f9f66d83e7b4a51953","3bd43d5ff2febe702fb727dc","69cf8a5254ac00d7f7458735","Từ tiếng Đức nào có nghĩa là “Xe đẩy mua hàng”?","[""teuer"",""der Einkaufswagen"",""der Markt"",""der Euro""]","{""correct_option_index"":0}","der Einkaufswagen","Xe đẩy mua hàng","der Einkaufswagen","AUTO_FIX","HIGH","Word ""der Einkaufswagen"" found in options. Can standardize answer schema."
"b33a1a29b023c8f858c263b1","3bd43d5ff2febe702fb727dc","69cf8a5254ac00d7f745873c","Từ tiếng Đức nào có nghĩa là “Giá tiền”?","[""der Preis"",""der Euro"",""teuer"",""die Packung""]","{""correct_option"":""der Preis"",""explanation"":""der Preis = Giá tiền""}","der Preis","Giá tiền","der Preis","VALID","HIGH","Already adheres to canonical schema"